Date,INDINF_CPI_COMMON_M,INDINF_CPI_MEDIAN_M,INDINF_CPI_TRIM_M,INDINF_LOWTARGET,INDINF_UPPTARGET
1993-01-01,2,2,2,1.972223,3.972223
1993-02-01,2,2,2.1,1.944445,3.944445
1993-03-01,2,1.9,2,1.916667,3.916667
1993-04-01,1.9,1.9,1.9,1.88889,3.888889
1993-05-01,1.8,1.9,1.9,1.861112,3.861111
1993-06-01,1.8,1.8,1.8,1.833334,3.833333
1993-07-01,1.6,1.8,1.8,1.805556,3.805556
1993-08-01,1.6,1.7,1.8,1.777778,3.777778
1993-09-01,1.6,1.7,1.9,1.750001,3.75
1993-10-01,1.6,1.8,1.9,1.722223,3.722222
1993-11-01,1.5,1.7,1.8,1.694445,3.694444
1993-12-01,1.5,1.5,1.6,1.666667,3.666666
1994-01-01,1.3,1.5,1.5,1.638889,3.638888
1994-02-01,1.3,1.6,1.5,1.611112,3.61111
1994-03-01,1.2,1.6,1.6,1.583334,3.583332
1994-04-01,1.2,1.6,1.5,1.555556,3.555554
1994-05-01,1.1,1.4,1.3,1.527778,3.527776
1994-06-01,1.1,1.4,1.3,1.5,3.499999
1994-07-01,1.1,1.5,1.4,1.472223,3.472221
1994-08-01,1.1,1.4,1.4,1.444445,3.444443
1994-09-01,1,1.5,1.4,1.416667,3.416666
1994-10-01,0.9,1.3,1.3,1.388889,3.388888
1994-11-01,1.1,1.5,1.4,1.361112,3.36111
1994-12-01,1.1,1.6,1.6,1.333334,3.333333
1995-01-01,1.1,1.8,1.8,1.305556,3.305555
1995-02-01,1.1,1.8,1.9,1.277778,3.277777
1995-03-01,1.3,1.8,2,1.25,3.25
1995-04-01,1.3,2,2.1,1.222223,3.222222
1995-05-01,1.4,2.1,2.3,1.194445,3.194444
1995-06-01,1.4,2.1,2.2,1.166667,3.166667
1995-07-01,1.4,2,2.2,1.138889,3.138889
1995-08-01,1.4,2,2.1,1.111111,3.111111
1995-09-01,1.5,2,2.1,1.083334,3.083333
1995-10-01,1.6,1.9,2.1,1.055556,3.055556
1995-11-01,1.4,1.7,1.9,1.027778,3.027778
1995-12-01,1.4,1.6,1.7,1,3
1996-01-01,1.4,1.5,1.5,1,3
1996-02-01,1.3,1.4,1.4,1,3
1996-03-01,1.4,1.3,1.3,1,3
1996-04-01,1.4,1.2,1.2,1,3
1996-05-01,1.4,1.2,1.2,1,3
1996-06-01,1.4,1.2,1.2,1,3
1996-07-01,1.4,1.2,1.2,1,3
1996-08-01,1.4,1.2,1.1,1,3
1996-09-01,1.4,1.2,1.2,1,3
1996-10-01,1.5,1.3,1.2,1,3
1996-11-01,1.6,1.4,1.3,1,3
1996-12-01,1.6,1.5,1.4,1,3
1997-01-01,1.6,1.4,1.4,1,3
1997-02-01,1.6,1.3,1.3,1,3
1997-03-01,1.6,1.3,1.4,1,3
1997-04-01,1.6,1.3,1.3,1,3
1997-05-01,1.6,1.2,1.2,1,3
1997-06-01,1.6,1.2,1.3,1,3
1997-07-01,1.6,1.1,1.1,1,3
1997-08-01,1.6,1.1,1.2,1,3
1997-09-01,1.5,1,1,1,3
1997-10-01,1.5,1,1,1,3
1997-11-01,1.4,0.9,0.9,1,3
1997-12-01,1.4,0.9,0.8,1,3
1998-01-01,1.5,1.1,1.1,1,3
1998-02-01,1.6,1.2,1.1,1,3
1998-03-01,1.5,1.1,1,1,3
1998-04-01,1.5,1.1,0.9,1,3
1998-05-01,1.6,1.2,0.9,1,3
1998-06-01,1.6,1.1,0.9,1,3
1998-07-01,1.6,1.2,1.1,1,3
1998-08-01,1.6,1.2,1.1,1,3
1998-09-01,1.7,1.3,1.1,1,3
1998-10-01,1.7,1.2,1.1,1,3
1998-11-01,1.8,1.4,1.3,1,3
1998-12-01,1.7,1.2,1.1,1,3
1999-01-01,1.7,1.1,1,1,3
1999-02-01,1.6,1.1,1,1,3
1999-03-01,1.6,1.1,1.1,1,3
1999-04-01,1.7,1.2,1.3,1,3
1999-05-01,1.7,1.2,1.3,1,3
1999-06-01,1.6,1.2,1.3,1,3
1999-07-01,1.6,1.2,1.3,1,3
1999-08-01,1.6,1.2,1.3,1,3
1999-09-01,1.6,1.3,1.5,1,3
1999-10-01,1.5,1.3,1.5,1,3
1999-11-01,1.5,1.3,1.5,1,3
1999-12-01,1.6,1.4,1.6,1,3
2000-01-01,1.4,1.3,1.5,1,3
2000-02-01,1.5,1.4,1.6,1,3
2000-03-01,1.5,1.4,1.6,1,3
2000-04-01,1.4,1.3,1.5,1,3
2000-05-01,1.6,1.4,1.6,1,3
2000-06-01,1.6,1.6,1.8,1,3
2000-07-01,1.7,1.6,1.8,1,3
2000-08-01,1.7,1.7,1.9,1,3
2000-09-01,1.7,1.6,1.8,1,3
2000-10-01,1.6,1.7,1.9,1,3
2000-11-01,1.7,1.8,2,1,3
2000-12-01,1.7,1.9,2.1,1,3
2001-01-01,1.8,2,2.2,1,3
2001-02-01,1.8,2.1,2.2,1,3
2001-03-01,1.8,2.1,2.1,1,3
2001-04-01,2,2.2,2.4,1,3
2001-05-01,2,2.3,2.4,1,3
2001-06-01,2,2.2,2.4,1,3
2001-07-01,2,2.3,2.4,1,3
2001-08-01,2,2.3,2.4,1,3
2001-09-01,2,2.3,2.3,1,3
2001-10-01,2.1,2.2,2.2,1,3
2001-11-01,2.2,2,1.9,1,3
2001-12-01,2.2,2,1.9,1,3
2002-01-01,2.2,2.1,2,1,3
2002-02-01,2.2,2,2,1,3
2002-03-01,2.2,2,2,1,3
2002-04-01,2.2,2,2.1,1,3
2002-05-01,2.1,2,2,1,3
2002-06-01,2.1,2.1,2,1,3
2002-07-01,2.1,2,1.9,1,3
2002-08-01,2.1,2.2,2.1,1,3
2002-09-01,2.1,2.2,2.1,1,3
2002-10-01,2.1,2.1,2.1,1,3
2002-11-01,2,2.2,2.3,1,3
2002-12-01,1.9,2.2,2.2,1,3
2003-01-01,2.1,2.2,2.2,1,3
2003-02-01,2,2.4,2.3,1,3
2003-03-01,2,2.4,2.2,1,3
2003-04-01,1.8,2.2,2,1,3
2003-05-01,1.9,2.2,2,1,3
2003-06-01,1.9,2,1.9,1,3
2003-07-01,1.9,2.1,1.9,1,3
2003-08-01,1.9,1.9,1.7,1,3
2003-09-01,1.9,1.9,1.8,1,3
2003-10-01,2,1.9,1.7,1,3
2003-11-01,1.9,1.9,1.7,1,3
2003-12-01,2,1.9,1.7,1,3
2004-01-01,1.8,1.8,1.7,1,3
2004-02-01,1.9,1.6,1.6,1,3
2004-03-01,1.9,1.5,1.5,1,3
2004-04-01,2.1,1.6,1.6,1,3
2004-05-01,2,1.7,1.6,1,3
2004-06-01,2,1.7,1.7,1,3
2004-07-01,1.9,1.6,1.7,1,3
2004-08-01,1.9,1.6,1.7,1,3
2004-09-01,1.9,1.7,1.7,1,3
2004-10-01,2,1.7,1.8,1,3
2004-11-01,2,1.8,1.8,1,3
2004-12-01,1.9,1.9,1.8,1,3
2005-01-01,1.9,1.8,1.7,1,3
2005-02-01,1.9,1.8,1.7,1,3
2005-03-01,1.9,2,1.9,1,3
2005-04-01,1.9,1.9,1.8,1,3
2005-05-01,1.9,1.8,1.8,1,3
2005-06-01,2,1.9,1.8,1,3
2005-07-01,2,1.8,1.7,1,3
2005-08-01,2,1.8,1.7,1,3
2005-09-01,2,1.9,1.7,1,3
2005-10-01,1.9,1.9,1.7,1,3
2005-11-01,1.9,1.8,1.7,1,3
2005-12-01,1.9,1.8,1.7,1,3
2006-01-01,2,1.8,1.8,1,3
2006-02-01,2,1.8,1.8,1,3
2006-03-01,2,1.9,1.8,1,3
2006-04-01,1.9,1.8,1.8,1,3
2006-05-01,1.9,2,1.9,1,3
2006-06-01,1.9,1.8,1.8,1,3
2006-07-01,1.9,2,2,1,3
2006-08-01,2,2,2.1,1,3
2006-09-01,2.1,2.1,2.3,1,3
2006-10-01,2.1,2.1,2.4,1,3
2006-11-01,2.2,2.2,2.5,1,3
2006-12-01,2.1,2.2,2.5,1,3
2007-01-01,2.1,2.3,2.5,1,3
2007-02-01,2.1,2.5,2.8,1,3
2007-03-01,2.1,2.4,2.8,1,3
2007-04-01,2.2,2.5,2.8,1,3
2007-05-01,2.2,2.5,2.8,1,3
2007-06-01,2.2,2.7,2.9,1,3
2007-07-01,2.3,2.6,2.7,1,3
2007-08-01,2.2,2.5,2.5,1,3
2007-09-01,2.2,2.6,2.5,1,3
2007-10-01,2.2,2.5,2.3,1,3
2007-11-01,2.2,2.3,2.2,1,3
2007-12-01,2.2,2.4,2.2,1,3
2008-01-01,2.3,2.5,2.3,1,3
2008-02-01,2.4,2.5,2.2,1,3
2008-03-01,2.3,2.4,2,1,3
2008-04-01,2.4,2.5,2.3,1,3
2008-05-01,2.5,2.4,2.3,1,3
2008-06-01,2.6,2.5,2.3,1,3
2008-07-01,2.6,2.6,2.4,1,3
2008-08-01,2.6,2.7,2.6,1,3
2008-09-01,2.8,2.6,2.5,1,3
2008-10-01,2.7,2.6,2.5,1,3
2008-11-01,2.8,2.7,2.7,1,3
2008-12-01,2.8,2.7,2.6,1,3
2009-01-01,2.8,2.5,2.4,1,3
2009-02-01,2.7,2.5,2.4,1,3
2009-03-01,2.8,2.5,2.4,1,3
2009-04-01,2.7,2.2,2,1,3
2009-05-01,2.6,2.2,2,1,3
2009-06-01,2.5,2.1,1.9,1,3
2009-07-01,2.4,1.9,1.6,1,3
2009-08-01,2.2,1.7,1.5,1,3
2009-09-01,2.2,1.7,1.3,1,3
2009-10-01,2.2,1.7,1.4,1,3
2009-11-01,2.1,1.8,1.4,1,3
2009-12-01,2,1.7,1.3,1,3
2010-01-01,1.9,1.7,1.3,1,3
2010-02-01,1.8,1.7,1.3,1,3
2010-03-01,1.7,1.5,1.1,1,3
2010-04-01,1.7,1.7,1.3,1,3
2010-05-01,1.6,1.6,1.2,1,3
2010-06-01,1.6,1.5,1.1,1,3
2010-07-01,1.7,1.6,1.3,1,3
2010-08-01,1.7,1.6,1.2,1,3
2010-09-01,1.5,1.6,1.3,1,3
2010-10-01,1.5,1.7,1.4,1,3
2010-11-01,1.5,1.5,1.2,1,3
2010-12-01,1.6,1.6,1.4,1,3
2011-01-01,1.5,1.6,1.3,1,3
2011-02-01,1.6,1.4,1.1,1,3
2011-03-01,1.8,1.8,1.6,1,3
2011-04-01,1.8,1.8,1.6,1,3
2011-05-01,1.8,2,1.8,1,3
2011-06-01,1.9,2,1.8,1,3
2011-07-01,1.8,1.9,1.8,1,3
2011-08-01,1.9,2.1,2,1,3
2011-09-01,1.9,2,2.1,1,3
2011-10-01,1.9,1.9,2,1,3
2011-11-01,1.9,2.1,2.1,1,3
2011-12-01,1.9,1.9,1.9,1,3
2012-01-01,1.9,2,2.1,1,3
2012-02-01,2,2.1,2.2,1,3
2012-03-01,1.8,1.9,1.9,1,3
2012-04-01,1.9,2,2,1,3
2012-05-01,1.7,1.7,1.6,1,3
2012-06-01,1.7,1.6,1.5,1,3
2012-07-01,1.7,1.6,1.5,1,3
2012-08-01,1.7,1.7,1.5,1,3
2012-09-01,1.6,1.6,1.4,1,3
2012-10-01,1.7,1.7,1.3,1,3
2012-11-01,1.7,1.6,1.2,1,3
2012-12-01,1.6,1.7,1.2,1,3
2013-01-01,1.6,1.5,1,1,3
2013-02-01,1.6,1.6,1.2,1,3
2013-03-01,1.6,1.6,1.2,1,3
2013-04-01,1.6,1.5,1,1,3
2013-05-01,1.6,1.5,1.1,1,3
2013-06-01,1.5,1.7,1.3,1,3
2013-07-01,1.6,1.7,1.3,1,3
2013-08-01,1.5,1.6,1.1,1,3
2013-09-01,1.6,1.6,1.2,1,3
2013-10-01,1.5,1.5,1.2,1,3
2013-11-01,1.5,1.5,1.2,1,3
2013-12-01,1.5,1.6,1.4,1,3
2014-01-01,1.5,1.7,1.5,1,3
2014-02-01,1.4,1.5,1.4,1,3
2014-03-01,1.5,1.6,1.5,1,3
2014-04-01,1.5,1.7,1.6,1,3
2014-05-01,1.5,1.8,1.7,1,3
2014-06-01,1.5,1.8,1.8,1,3
2014-07-01,1.5,1.7,1.6,1,3
2014-08-01,1.5,1.7,1.7,1,3
2014-09-01,1.6,1.8,1.7,1,3
2014-10-01,1.6,1.8,1.7,1,3
2014-11-01,1.7,1.8,1.7,1,3
2014-12-01,1.6,1.7,1.7,1,3
2015-01-01,1.7,1.8,1.7,1,3
2015-02-01,1.7,1.7,1.6,1,3
2015-03-01,1.6,1.7,1.6,1,3
2015-04-01,1.6,1.6,1.4,1,3
2015-05-01,1.6,1.6,1.5,1,3
2015-06-01,1.6,1.6,1.4,1,3
2015-07-01,1.6,1.8,1.6,1,3
2015-08-01,1.6,1.8,1.6,1,3
2015-09-01,1.6,1.7,1.6,1,3
2015-10-01,1.7,1.8,1.7,1,3
2015-11-01,1.7,1.9,1.8,1,3
2015-12-01,1.6,2,1.8,1,3
2016-01-01,1.6,2,1.8,1,3
2016-02-01,1.6,2,1.8,1,3
2016-03-01,1.7,2.1,1.9,1,3
2016-04-01,1.6,2.2,2,1,3
2016-05-01,1.6,2.2,2,1,3
2016-06-01,1.6,2.2,2,1,3
2016-07-01,1.5,2,1.9,1,3
2016-08-01,1.5,2,1.9,1,3
2016-09-01,1.4,2.1,1.9,1,3
2016-10-01,1.4,2.1,1.8,1,3
2016-11-01,1.2,1.9,1.6,1,3
2016-12-01,1.3,1.9,1.6,1,3
2017-01-01,1.2,1.9,1.6,1,3
2017-02-01,1.2,1.8,1.5,1,3
2017-03-01,1.2,1.6,1.4,1,3
2017-04-01,1.3,1.5,1.4,1,3
2017-05-01,1.2,1.4,1.2,1,3
2017-06-01,1.3,1.5,1.2,1,3
2017-07-01,1.4,1.6,1.3,1,3
2017-08-01,1.4,1.6,1.4,1,3
2017-09-01,1.5,1.6,1.4,1,3
2017-10-01,1.5,1.5,1.4,1,3
2017-11-01,1.5,1.7,1.7,1,3
2017-12-01,1.6,1.7,1.8,1,3
2018-01-01,1.7,1.7,1.8,1,3
2018-02-01,1.8,1.9,2,1,3
2018-03-01,1.9,1.9,1.9,1,3
2018-04-01,1.8,1.9,2,1,3
2018-05-01,1.8,1.9,1.9,1,3
2018-06-01,1.9,1.9,2,1,3
2018-07-01,1.9,1.9,2,1,3
2018-08-01,1.9,2,2.1,1,3
2018-09-01,1.9,1.9,2,1,3
2018-10-01,1.8,1.9,2,1,3
2018-11-01,1.9,1.8,1.9,1,3
2018-12-01,1.9,1.8,1.9,1,3
2019-01-01,1.8,1.8,1.9,1,3
2019-02-01,1.8,1.8,1.9,1,3
2019-03-01,1.8,1.9,2.2,1,3
2019-04-01,1.7,1.8,2,1,3
2019-05-01,1.8,1.9,2.2,1,3
2019-06-01,1.8,1.8,2,1,3
2019-07-01,1.8,1.7,2,1,3
2019-08-01,1.8,1.7,1.9,1,3
2019-09-01,1.8,1.8,2,1,3
2019-10-01,1.8,1.8,2,1,3
2019-11-01,1.9,1.9,2,1,3
2019-12-01,1.9,1.8,1.9,1,3
2020-01-01,1.8,1.9,1.9,1,3
2020-02-01,1.7,1.8,1.9,1,3
2020-03-01,1.6,1.8,1.7,1,3
2020-04-01,1.5,1.9,1.7,1,3
2020-05-01,1.4,1.8,1.5,1,3
2020-06-01,1.4,1.9,1.7,1,3
2020-07-01,1.3,1.8,1.6,1,3
2020-08-01,1.4,1.9,1.7,1,3
2020-09-01,1.4,2,1.8,1,3
2020-10-01,1.5,2,1.9,1,3
2020-11-01,1.5,2,1.9,1,3
2020-12-01,1.3,1.9,1.9,1,3
2021-01-01,1.3,1.9,2,1,3
2021-02-01,1.3,1.9,2,1,3
2021-03-01,1.5,2,2.1,1,3
2021-04-01,1.7,2.2,2.4,1,3
2021-05-01,1.8,2.3,2.7,1,3
2021-06-01,1.7,2.4,2.7,1,3
2021-07-01,1.7,2.6,3.1,1,3
2021-08-01,,,,1,3